id,timestamp,temperature,duration
96234,2019-07-09 11:31:10.548198,1551.4133321786408,0 days 00:34:56.389283463
96235,2019-07-09 11:31:11.548198,1573.207030182226,0 days 00:33:20.716993357
96236,2019-07-09 11:31:12.548198,1538.5955254746257,0 days 00:29:41.553836837
96237,2019-07-09 11:31:13.548198,1564.1664398739733,0 days 00:31:10.659367360
96238,2019-07-09 11:31:14.548198,1553.540654075518,0 days 00:32:00.039660393
96239,2019-07-09 11:31:15.548198,1529.9425982564421,0 days 00:34:55.171358716
96240,2019-07-09 11:31:16.548198,1567.105202177582,0 days 00:33:25.173828760
96241,2019-07-09 11:31:17.548198,1547.255964142683,0 days 00:31:46.488088020
96242,2019-07-09 11:31:18.548198,1531.443402313696,0 days 00:29:23.057722694
96243,2019-07-09 11:31:19.548198,1535.3539004922702,0 days 00:28:40.853163049
96244,2019-07-09 11:31:20.548198,1556.0045138378287,0 days 00:34:56.864011690
96245,2019-07-09 11:31:21.548198,1572.6334435344556,0 days 00:25:56.079852965
96246,2019-07-09 11:31:22.548198,1545.312744946724,0 days 00:34:00.114276078
96247,2019-07-09 11:31:23.548198,1525.2249052849243,0 days 00:33:21.569113519
96248,2019-07-09 11:31:24.548198,1560.450302333709,0 days 00:28:40.641985279
96249,2019-07-09 11:31:25.548198,1574.6594524822117,0 days 00:29:11.419924220
96250,2019-07-09 11:31:26.548198,1550.1922344548084,0 days 00:34:52.894436000
96251,2019-07-09 11:31:27.548198,1539.5350487009962,0 days 00:34:43.620133952
96252,2019-07-09 11:31:28.548198,1555.001915368766,0 days 00:30:29.385033183
96253,2019-07-09 11:31:29.548198,1540.3637917165813,0 days 00:27:56.392928471
96254,2019-07-09 11:31:30.548198,1561.180582940377,0 days 00:27:53.664668963
96255,2019-07-09 11:31:31.548198,1525.3855680900076,0 days 00:30:44.502260679
96256,2019-07-09 11:31:32.548198,1527.585324641577,0 days 00:27:00.094370186
96257,2019-07-09 11:31:33.548198,1559.1374067026643,0 days 00:29:57.822123484
96258,2019-07-09 11:31:34.548198,1574.3031934575888,0 days 00:32:52.147134886
96259,2019-07-09 11:31:35.548198,1534.9294531494656,0 days 00:31:38.358058846
96260,2019-07-09 11:31:36.548198,1543.5863145839476,0 days 00:34:09.721594662
96261,2019-07-09 11:31:37.548198,1566.9027997120613,0 days 00:33:40.357468620
96262,2019-07-09 11:31:38.548198,1535.9611537852622,0 days 00:34:26.661835085
96263,2019-07-09 11:31:39.548198,1550.3028648999384,0 days 00:27:15.728746060
96264,2019-07-09 11:31:40.548198,1568.6579494737894,0 days 00:25:14.652014022
96265,2019-07-09 11:31:41.548198,1569.0986093432914,0 days 00:26:53.787465688
96266,2019-07-09 11:31:42.548198,1527.5699322013513,0 days 00:26:01.074240088
96267,2019-07-09 11:31:43.548198,1531.5284038501202,0 days 00:28:07.854822918
96268,2019-07-09 11:31:44.548198,1569.3398874259972,0 days 00:29:08.286128633
96269,2019-07-09 11:31:45.548198,1531.830874757574,0 days 00:26:00.934167403
96270,2019-07-09 11:31:46.548198,1530.7792669306123,0 days 00:27:38.216023920
96271,2019-07-09 11:31:47.548198,1532.7021738899975,0 days 00:27:54.042151139
96272,2019-07-09 11:31:48.548198,1573.845283047679,0 days 00:27:07.302713398
96273,2019-07-09 11:31:49.548198,1554.1023477825495,0 days 00:28:34.892237994
96274,2019-07-09 11:31:50.548198,1553.440044807642,0 days 00:25:48.042918532
96275,2019-07-09 11:31:51.548198,1573.1003121720241,0 days 00:33:41.152389565
96276,2019-07-09 11:31:52.548198,1572.6105182841,0 days 00:31:38.353993930
96277,2019-07-09 11:31:53.548198,1548.9420397961655,0 days 00:27:07.660536116
96278,2019-07-09 11:31:54.548198,1574.8840487653447,0 days 00:33:33.089744410
96279,2019-07-09 11:31:55.548198,1549.797850645987,0 days 00:26:34.745658498
96280,2019-07-09 11:31:56.548198,1568.1908588802185,0 days 00:32:22.410107752
96281,2019-07-09 11:31:57.548198,1550.081529188022,0 days 00:26:07.662025808
96282,2019-07-09 11:31:58.548198,1529.7337766090016,0 days 00:25:26.742521841
96283,2019-07-09 11:31:59.548198,1563.9274064527845,0 days 00:31:59.770347574
96284,2019-07-09 11:32:00.548198,1549.075335664392,0 days 00:32:25.575268403
96285,2019-07-09 11:32:01.548198,1560.2814723763227,0 days 00:27:27.943346916
96286,2019-07-09 11:32:02.548198,1552.974291722384,0 days 00:25:51.024053626
96287,2019-07-09 11:32:03.548198,1567.5361435660395,0 days 00:31:52.032226552
96288,2019-07-09 11:32:04.548198,1539.852015376754,0 days 00:29:11.163600630
96289,2019-07-09 11:32:05.548198,1568.884153134451,0 days 00:31:56.953412649
96290,2019-07-09 11:32:06.548198,1548.1940640597495,0 days 00:26:10.069503076
96291,2019-07-09 11:32:07.548198,1529.272306122392,0 days 00:33:50.260799866
96292,2019-07-09 11:32:08.548198,1560.5213378740411,0 days 00:29:24.475509790
96293,2019-07-09 11:32:09.548198,1544.5707397510876,0 days 00:28:56.943860539
96294,2019-07-09 11:32:10.548198,1546.3123261354663,0 days 00:31:43.222020529
96295,2019-07-09 11:32:11.548198,1544.9801227506423,0 days 00:32:33.748557811
96296,2019-07-09 11:32:12.548198,1530.130564892776,0 days 00:28:03.069609296
96297,2019-07-09 11:32:13.548198,1558.488862889067,0 days 00:29:09.404849574
96298,2019-07-09 11:32:14.548198,1556.9079969814666,0 days 00:30:34.913146165
96299,2019-07-09 11:32:15.548198,1548.5376918124466,0 days 00:26:33.196356661
96300,2019-07-09 11:32:16.548198,1550.8550864127426,0 days 00:31:41.669272012
96301,2019-07-09 11:32:17.548198,1535.9712341240202,0 days 00:30:19.628401825
96302,2019-07-09 11:32:18.548198,1526.5080760436736,0 days 00:26:51.803116557
96303,2019-07-09 11:32:19.548198,1528.0591395356396,0 days 00:30:58.915595018
96304,2019-07-09 11:32:20.548198,1555.7523742374924,0 days 00:31:04.540621476
96305,2019-07-09 11:32:21.548198,1530.3903775313715,0 days 00:27:55.391271583
96306,2019-07-09 11:32:22.548198,1552.0992184345703,0 days 00:28:05.780204317
96307,2019-07-09 11:32:23.548198,1574.4098227847726,0 days 00:31:24.482212520
96308,2019-07-09 11:32:24.548198,1547.1385598915017,0 days 00:28:19.456522023
96309,2019-07-09 11:32:25.548198,1525.6457878636902,0 days 00:30:54.286566676
96310,2019-07-09 11:32:26.548198,1567.3393079281043,0 days 00:32:46.643415896
96311,2019-07-09 11:32:27.548198,1552.8530732083414,0 days 00:28:35.736812482
96312,2019-07-09 11:32:28.548198,1529.6780336814857,0 days 00:28:56.662562863
96313,2019-07-09 11:32:29.548198,1543.9408886384995,0 days 00:28:36.258327316
96314,2019-07-09 11:32:30.548198,1533.2756306058402,0 days 00:28:13.711332189
96315,2019-07-09 11:32:31.548198,1536.6108753266474,0 days 00:29:25.779432458
96316,2019-07-09 11:32:32.548198,1542.3685612384675,0 days 00:34:31.347097461
96317,2019-07-09 11:32:33.548198,1557.2962260513211,0 days 00:34:26.623944081
96318,2019-07-09 11:32:34.548198,1572.3498983711331,0 days 00:34:42.591829500
96319,2019-07-09 11:32:35.548198,1561.0237079509309,0 days 00:25:25.233599088
96320,2019-07-09 11:32:36.548198,1542.9236269994274,0 days 00:32:50.846837487
96321,2019-07-09 11:32:37.548198,1541.790376145505,0 days 00:27:01.648204015
96322,2019-07-09 11:32:38.548198,1533.329743863318,0 days 00:32:39.064266521
96323,2019-07-09 11:32:39.548198,1562.518674643223,0 days 00:26:32.472772080
96324,2019-07-09 11:32:40.548198,1530.6459606210337,0 days 00:27:20.326375243
96325,2019-07-09 11:32:41.548198,1539.6343830336102,0 days 00:27:09.356145655
96326,2019-07-09 11:32:42.548198,1571.1082071409255,0 days 00:25:01.365937216
96327,2019-07-09 11:32:43.548198,1564.3569701917506,0 days 00:25:07.006985775
96328,2019-07-09 11:32:44.548198,1566.5067604901076,0 days 00:30:54.801506364
96329,2019-07-09 11:32:45.548198,1563.9066204900614,0 days 00:29:43.452556182
96330,2019-07-09 11:32:46.548198,1567.2402877815566,0 days 00:28:11.179866638
96331,2019-07-09 11:32:47.548198,1534.7838677670052,0 days 00:25:38.204042550
96332,2019-07-09 11:32:48.548198,1556.3971697737486,0 days 00:28:34.007012357
96333,2019-07-09 11:32:49.548198,1529.7512831559452,0 days 00:33:37.327920403
96334,2019-07-09 11:32:50.548198,1528.9165284985406,0 days 00:27:27.015785837
96335,2019-07-09 11:32:51.548198,1569.457883796815,0 days 00:31:54.934305079
96336,2019-07-09 11:32:52.548198,1525.1576458784398,0 days 00:33:51.828456855
96337,2019-07-09 11:32:53.548198,1560.8090676280951,0 days 00:27:31.372143446
96338,2019-07-09 11:32:54.548198,1530.6572995347835,0 days 00:26:23.286209439
96339,2019-07-09 11:32:55.548198,1545.53786864952,0 days 00:30:27.508608563
96340,2019-07-09 11:32:56.548198,1564.7882974061254,0 days 00:26:48.609542558
96341,2019-07-09 11:32:57.548198,1569.1840992693694,0 days 00:25:25.622821444
96342,2019-07-09 11:32:58.548198,1562.8238065047835,0 days 00:33:06.854605120
96343,2019-07-09 11:32:59.548198,1566.9815177195765,0 days 00:28:03.673531586
96344,2019-07-09 11:33:00.548198,1550.606499528534,0 days 00:34:13.485844052
96345,2019-07-09 11:33:01.548198,1550.9782413083335,0 days 00:31:43.551292216
96346,2019-07-09 11:33:02.548198,1556.0551434753359,0 days 00:29:38.500148602
96347,2019-07-09 11:33:03.548198,1539.0592108454439,0 days 00:34:07.202577701
96348,2019-07-09 11:33:04.548198,1562.2383043159127,0 days 00:28:54.352015500
96349,2019-07-09 11:33:05.548198,1546.849558861594,0 days 00:34:38.247780342
96350,2019-07-09 11:33:06.548198,1567.4854602724738,0 days 00:32:00.861619445
96351,2019-07-09 11:33:07.548198,1569.83134355466,0 days 00:30:22.856428745
96352,2019-07-09 11:33:08.548198,1553.2370726177837,0 days 00:26:16.908881965
96353,2019-07-09 11:33:09.548198,1531.994842011859,0 days 00:29:36.556234589
96354,2019-07-09 11:33:10.548198,1571.3666697331394,0 days 00:29:05.048538743
96355,2019-07-09 11:33:11.548198,1562.8886888543445,0 days 00:31:35.692415290
96356,2019-07-09 11:33:12.548198,1530.9524760601305,0 days 00:30:55.420800405
96357,2019-07-09 11:33:13.548198,1534.9567488021464,0 days 00:27:23.064324226
96358,2019-07-09 11:33:14.548198,1546.4326782564638,0 days 00:25:36.769128554
96359,2019-07-09 11:33:15.548198,1554.691412709977,0 days 00:28:54.204733661
96360,2019-07-09 11:33:16.548198,1530.3701709138888,0 days 00:25:38.406115754
96361,2019-07-09 11:33:17.548198,1529.0280877282546,0 days 00:27:46.688592417
96362,2019-07-09 11:33:18.548198,1556.48364651255,0 days 00:30:28.893750536
96363,2019-07-09 11:33:19.548198,1572.781511248735,0 days 00:33:19.583542987
96364,2019-07-09 11:33:20.548198,1566.060058671062,0 days 00:25:58.914517369
96365,2019-07-09 11:33:21.548198,1547.6629824901263,0 days 00:30:36.138323132
96366,2019-07-09 11:33:22.548198,1559.1010693515186,0 days 00:25:32.550624462
96367,2019-07-09 11:33:23.548198,1569.8413059553084,0 days 00:25:29.577769391
96368,2019-07-09 11:33:24.548198,1533.6804799514362,0 days 00:34:51.004997672
96369,2019-07-09 11:33:25.548198,1546.5601098320944,0 days 00:29:04.784495747
96370,2019-07-09 11:33:26.548198,1561.2851601660736,0 days 00:31:52.990233294
96371,2019-07-09 11:33:27.548198,1540.077705064771,0 days 00:29:19.169712417
96372,2019-07-09 11:33:28.548198,1538.7811523862645,0 days 00:27:56.732180593
96373,2019-07-09 11:33:29.548198,1534.9440764866897,0 days 00:31:10.784797202
96374,2019-07-09 11:33:30.548198,1528.2669904511279,0 days 00:26:16.948236418
96375,2019-07-09 11:33:31.548198,1541.0993334804202,0 days 00:29:55.778552579
96376,2019-07-09 11:33:32.548198,1540.729115007294,0 days 00:30:45.949421298
96377,2019-07-09 11:33:33.548198,1563.8706672177225,0 days 00:26:36.580726961
96378,2019-07-09 11:33:34.548198,1574.2157485765908,0 days 00:32:25.139089762
96379,2019-07-09 11:33:35.548198,1541.1562699651406,0 days 00:34:21.085090515
96380,2019-07-09 11:33:36.548198,1530.2872301803716,0 days 00:27:07.802790835
96381,2019-07-09 11:33:37.548198,1544.078402375995,0 days 00:31:35.983764628
96382,2019-07-09 11:33:38.548198,1565.8233051264422,0 days 00:32:02.501039935
96383,2019-07-09 11:33:39.548198,1572.6891335442663,0 days 00:28:33.989773492
96384,2019-07-09 11:33:40.548198,1558.993876641855,0 days 00:32:01.197319598
96385,2019-07-09 11:33:41.548198,1566.2528691820062,0 days 00:27:00.530965689
96386,2019-07-09 11:33:42.548198,1540.9302766088274,0 days 00:25:50.000006325
96387,2019-07-09 11:33:43.548198,1565.2294464942186,0 days 00:30:07.834316276
96388,2019-07-09 11:33:44.548198,1545.0248466969874,0 days 00:32:19.845832408
96389,2019-07-09 11:33:45.548198,1568.1339517313456,0 days 00:32:36.033921578
96390,2019-07-09 11:33:46.548198,1574.0737295859897,0 days 00:27:43.204682461
96391,2019-07-09 11:33:47.548198,1548.2496316872525,0 days 00:25:31.843455946
96392,2019-07-09 11:33:48.548198,1548.3668006154119,0 days 00:34:27.168332622
96393,2019-07-09 11:33:49.548198,1548.1548387440412,0 days 00:27:23.212734841
96394,2019-07-09 11:33:50.548198,1546.5580236793587,0 days 00:30:26.698777204
96395,2019-07-09 11:33:51.548198,1538.557105667912,0 days 00:25:46.645203216
96396,2019-07-09 11:33:52.548198,1542.1846177321272,0 days 00:32:29.012015000
96397,2019-07-09 11:33:53.548198,1534.718646319386,0 days 00:26:36.436674702
96398,2019-07-09 11:33:54.548198,1530.4278576106585,0 days 00:30:18.079889880
96399,2019-07-09 11:33:55.548198,1534.9306966865047,0 days 00:27:23.550274404
96400,2019-07-09 11:33:56.548198,1571.4592516895993,0 days 00:25:30.801849996
96401,2019-07-09 11:33:57.548198,1556.4187503754933,0 days 00:27:16.882989474
96402,2019-07-09 11:33:58.548198,1538.5287804913555,0 days 00:27:59.082315729
96403,2019-07-09 11:33:59.548198,1549.6235971548579,0 days 00:31:14.559620066
96404,2019-07-09 11:34:00.548198,1557.0449802150677,0 days 00:32:45.225989563
96405,2019-07-09 11:34:01.548198,1539.8377024740082,0 days 00:32:06.335641024
96406,2019-07-09 11:34:02.548198,1558.464384655091,0 days 00:32:55.750408468
96407,2019-07-09 11:34:03.548198,1535.4083596801775,0 days 00:33:04.169082207
96408,2019-07-09 11:34:04.548198,1525.194666666145,0 days 00:29:39.271784300
96409,2019-07-09 11:34:05.548198,1571.152770046521,0 days 00:31:10.827374441
96410,2019-07-09 11:34:06.548198,1566.3221114827738,0 days 00:25:58.858265737
96411,2019-07-09 11:34:07.548198,1525.2763462770595,0 days 00:34:37.122267506
96412,2019-07-09 11:34:08.548198,1566.011859838933,0 days 00:32:50.080411110
96413,2019-07-09 11:34:09.548198,1537.4977252015929,0 days 00:29:04.079074854
96414,2019-07-09 11:34:10.548198,1542.8808864240502,0 days 00:34:57.570484477
96415,2019-07-09 11:34:11.548198,1563.4887209636474,0 days 00:25:31.856445197
96416,2019-07-09 11:34:12.548198,1537.596479098723,0 days 00:26:59.773401911
96417,2019-07-09 11:34:13.548198,1534.9892509796211,0 days 00:31:40.117126806
96418,2019-07-09 11:34:14.548198,1553.7673739869967,0 days 00:26:51.921167776
96419,2019-07-09 11:34:15.548198,1537.8582409094272,0 days 00:30:23.182101274
96420,2019-07-09 11:34:16.548198,1549.6621711552234,0 days 00:25:17.399801952
96421,2019-07-09 11:34:17.548198,1541.5656038994396,0 days 00:30:22.829944168
96422,2019-07-09 11:34:18.548198,1559.8396471143944,0 days 00:30:56.002199116
96423,2019-07-09 11:34:19.548198,1552.3764004106408,0 days 00:34:27.025604032
96424,2019-07-09 11:34:20.548198,1562.9613948977874,0 days 00:27:12.412898611
96425,2019-07-09 11:34:21.548198,1526.5662625351233,0 days 00:34:34.324196845
96426,2019-07-09 11:34:22.548198,1561.2993761737478,0 days 00:31:21.551783667
96427,2019-07-09 11:34:23.548198,1553.1559706555943,0 days 00:34:37.270160579
96428,2019-07-09 11:34:24.548198,1533.66634080625,0 days 00:34:06.205373123
96429,2019-07-09 11:34:25.548198,1531.2742440326574,0 days 00:28:46.031298674
96430,2019-07-09 11:34:26.548198,1571.7752843688024,0 days 00:32:27.586332200
96431,2019-07-09 11:34:27.548198,1528.209946577972,0 days 00:30:54.125867112
96432,2019-07-09 11:34:28.548198,1525.7860938057665,0 days 00:27:29.781402228
96433,2019-07-09 11:34:29.548198,1552.9269320771182,0 days 00:30:19.947689544
96434,2019-07-09 11:34:30.548198,1530.6441187250825,0 days 00:28:26.960341652
96435,2019-07-09 11:34:31.548198,1567.9551419672268,0 days 00:29:38.810903155
96436,2019-07-09 11:34:32.548198,1554.2651959481575,0 days 00:29:39.322058454
96437,2019-07-09 11:34:33.548198,1559.4795529313162,0 days 00:31:47.605936633
96438,2019-07-09 11:34:34.548198,1549.221744759569,0 days 00:25:12.293753995
96439,2019-07-09 11:34:35.548198,1558.4581134128262,0 days 00:34:18.723210522
96440,2019-07-09 11:34:36.548198,1549.1020891898313,0 days 00:34:45.941902421
96441,2019-07-09 11:34:37.548198,1530.5004100830654,0 days 00:27:30.570147117
96442,2019-07-09 11:34:38.548198,1538.0058088234327,0 days 00:27:05.175794487
96443,2019-07-09 11:34:39.548198,1530.0185081528948,0 days 00:33:13.238778478
96444,2019-07-09 11:34:40.548198,1539.3586108454845,0 days 00:28:36.172820577
96445,2019-07-09 11:34:41.548198,1536.5665342028935,0 days 00:26:12.518511148
96446,2019-07-09 11:34:42.548198,1572.9670394529699,0 days 00:33:15.660426589
96447,2019-07-09 11:34:43.548198,1557.7971464745017,0 days 00:32:30.602029787
96448,2019-07-09 11:34:44.548198,1560.7260362849188,0 days 00:30:57.277579179
96449,2019-07-09 11:34:45.548198,1539.0078750914647,0 days 00:25:00.782615264
96450,2019-07-09 11:34:46.548198,1559.7270914417836,0 days 00:25:31.806042323
96451,2019-07-09 11:34:47.548198,1531.2338054701493,0 days 00:31:03.740652156
96452,2019-07-09 11:34:48.548198,1559.3485704960165,0 days 00:32:46.911541747
96453,2019-07-09 11:34:49.548198,1556.7078995863749,0 days 00:31:27.172467878
96454,2019-07-09 11:34:50.548198,1568.3881689498467,0 days 00:33:07.865759506
96455,2019-07-09 11:34:51.548198,1533.0638397401337,0 days 00:33:48.042217440
96456,2019-07-09 11:34:52.548198,1547.2957857636975,0 days 00:28:34.080659195
96457,2019-07-09 11:34:53.548198,1551.217067337214,0 days 00:32:11.415824384
96458,2019-07-09 11:34:54.548198,1553.1703962019462,0 days 00:28:01.546557940
96459,2019-07-09 11:34:55.548198,1534.1079365609262,0 days 00:28:27.902363685
96460,2019-07-09 11:34:56.548198,1557.9560095827323,0 days 00:32:53.176543099
96461,2019-07-09 11:34:57.548198,1553.37779860431,0 days 00:33:31.432124833
96462,2019-07-09 11:34:58.548198,1573.7962483363633,0 days 00:34:46.639423925
96463,2019-07-09 11:34:59.548198,1548.829696806895,0 days 00:25:03.107445051
96464,2019-07-09 11:35:00.548198,1529.8484972292342,0 days 00:32:25.752788017
96465,2019-07-09 11:35:01.548198,1525.1496584396516,0 days 00:25:15.684722658
96466,2019-07-09 11:35:02.548198,1543.3260778689125,0 days 00:30:52.819171161
96467,2019-07-09 11:35:03.548198,1530.2658264951726,0 days 00:28:38.813170259
96468,2019-07-09 11:35:04.548198,1569.582642297066,0 days 00:32:59.127863631
96469,2019-07-09 11:35:05.548198,1532.3218839793847,0 days 00:34:40.274001120
96470,2019-07-09 11:35:06.548198,1565.974651035264,0 days 00:28:27.316490704
96471,2019-07-09 11:35:07.548198,1536.5112596379925,0 days 00:32:24.692656056
96472,2019-07-09 11:35:08.548198,1573.8606881706462,0 days 00:30:47.691606233
96473,2019-07-09 11:35:09.548198,1563.6786018599275,0 days 00:26:07.432640861
96474,2019-07-09 11:35:10.548198,1573.0698864554306,0 days 00:30:59.011623587
96475,2019-07-09 11:35:11.548198,1570.9565775684714,0 days 00:30:45.645057385
96476,2019-07-09 11:35:12.548198,1536.9434675576756,0 days 00:30:20.694764407
96477,2019-07-09 11:35:13.548198,1561.1940580552455,0 days 00:30:56.662438090
96478,2019-07-09 11:35:14.548198,1554.3489196174096,0 days 00:29:30.371908824
96479,2019-07-09 11:35:15.548198,1547.5615727266954,0 days 00:27:41.064503714
96480,2019-07-09 11:35:16.548198,1551.315529574435,0 days 00:27:07.768587307
96481,2019-07-09 11:35:17.548198,1533.9296197738906,0 days 00:29:01.264976845
96482,2019-07-09 11:35:18.548198,1562.288334642111,0 days 00:26:19.915720498
96483,2019-07-09 11:35:19.548198,1525.3996857682737,0 days 00:30:14.836314001
96484,2019-07-09 11:35:20.548198,1562.836030697122,0 days 00:25:47.496770395
96485,2019-07-09 11:35:21.548198,1534.1844664890616,0 days 00:26:48.171293144
96486,2019-07-09 11:35:22.548198,1554.895098951355,0 days 00:26:07.787761163
96487,2019-07-09 11:35:23.548198,1547.11193611237,0 days 00:28:49.382929588
96488,2019-07-09 11:35:24.548198,1574.825505295205,0 days 00:25:23.114575700
96489,2019-07-09 11:35:25.548198,1529.833797638834,0 days 00:30:13.705327113
96490,2019-07-09 11:35:26.548198,1535.7547275993525,0 days 00:33:54.508031961
96491,2019-07-09 11:35:27.548198,1539.1452633745935,0 days 00:30:13.157336020
96492,2019-07-09 11:35:28.548198,1552.4777476235074,0 days 00:33:43.036975621
96493,2019-07-09 11:35:29.548198,1554.9673644699835,0 days 00:29:29.348164730
96494,2019-07-09 11:35:30.548198,1532.4348225135307,0 days 00:32:17.926525998
96495,2019-07-09 11:35:31.548198,1532.2370238324474,0 days 00:28:42.095370357
96496,2019-07-09 11:35:32.548198,1571.0916484647582,0 days 00:26:40.315263926
96497,2019-07-09 11:35:33.548198,1525.0496405043666,0 days 00:34:33.413133487
96498,2019-07-09 11:35:34.548198,1543.6126929171203,0 days 00:33:25.532421757
96499,2019-07-09 11:35:35.548198,1559.8964304786502,0 days 00:32:23.687063892
96500,2019-07-09 11:35:36.548198,1542.2121332479028,0 days 00:31:10.396666893
96501,2019-07-09 11:35:37.548198,1526.7054346097784,0 days 00:26:56.702904485
96502,2019-07-09 11:35:38.548198,1535.2283227959122,0 days 00:26:08.790583441
96503,2019-07-09 11:35:39.548198,1535.060988780575,0 days 00:31:14.407098316
96504,2019-07-09 11:35:40.548198,1546.5677305770766,0 days 00:32:24.136106081
96505,2019-07-09 11:35:41.548198,1525.5314048329935,0 days 00:34:58.939433716
96506,2019-07-09 11:35:42.548198,1527.2016772669638,0 days 00:28:53.347822028
96507,2019-07-09 11:35:43.548198,1543.2395189809947,0 days 00:25:50.228795212
96508,2019-07-09 11:35:44.548198,1565.1389422568977,0 days 00:25:39.930865945
96509,2019-07-09 11:35:45.548198,1551.7127355856298,0 days 00:34:10.541975853
96510,2019-07-09 11:35:46.548198,1563.3237039111268,0 days 00:27:29.764959415
96511,2019-07-09 11:35:47.548198,1530.384367064245,0 days 00:32:35.834919291
96512,2019-07-09 11:35:48.548198,1565.9083199632762,0 days 00:32:31.280547103
96513,2019-07-09 11:35:49.548198,1560.548687753642,0 days 00:27:54.351550841
96514,2019-07-09 11:35:50.548198,1540.1177557178123,0 days 00:29:01.442540740
96515,2019-07-09 11:35:51.548198,1536.6382627331698,0 days 00:34:22.084992409
96516,2019-07-09 11:35:52.548198,1545.8431717319213,0 days 00:33:54.245235957
96517,2019-07-09 11:35:53.548198,1549.6597204601335,0 days 00:30:04.705462657
96518,2019-07-09 11:35:54.548198,1563.5571967627482,0 days 00:30:17.548302024
96519,2019-07-09 11:35:55.548198,1537.6447058680483,0 days 00:31:51.392025419
96520,2019-07-09 11:35:56.548198,1544.2332553214867,0 days 00:32:37.147218112
96521,2019-07-09 11:35:57.548198,1529.392064531808,0 days 00:32:52.982818475
96522,2019-07-09 11:35:58.548198,1525.664588809827,0 days 00:31:47.706467908
96523,2019-07-09 11:35:59.548198,1534.578673640492,0 days 00:26:17.511164630
96524,2019-07-09 11:36:00.548198,1545.7173627103703,0 days 00:29:36.642455026
96525,2019-07-09 11:36:01.548198,1558.987636912059,0 days 00:30:19.150420249
96526,2019-07-09 11:36:02.548198,1525.7167360204342,0 days 00:29:16.750128338
96527,2019-07-09 11:36:03.548198,1548.2060087409907,0 days 00:25:25.757774844
96528,2019-07-09 11:36:04.548198,1533.779339821474,0 days 00:34:59.042262271
96529,2019-07-09 11:36:05.548198,1571.4145721201257,0 days 00:29:45.683153934
96530,2019-07-09 11:36:06.548198,1574.10216154262,0 days 00:32:56.298335087
96531,2019-07-09 11:36:07.548198,1570.453962512534,0 days 00:32:56.101902353
96532,2019-07-09 11:36:08.548198,1555.6129127215793,0 days 00:32:05.560904943
96533,2019-07-09 11:36:09.548198,1556.979849492183,0 days 00:29:39.941819431
96534,2019-07-09 11:36:10.548198,1528.5084736362571,0 days 00:33:02.506983169
96535,2019-07-09 11:36:11.548198,1537.51099223986,0 days 00:33:23.492627182
96536,2019-07-09 11:36:12.548198,1531.6896927154394,0 days 00:31:45.528881609
96537,2019-07-09 11:36:13.548198,1538.3492470038607,0 days 00:27:33.514987990
96538,2019-07-09 11:36:14.548198,1527.4693723251576,0 days 00:28:04.932618527
96539,2019-07-09 11:36:15.548198,1572.7538502987427,0 days 00:33:03.208176876
96540,2019-07-09 11:36:16.548198,1535.035174817739,0 days 00:29:51.375510774
96541,2019-07-09 11:36:17.548198,1537.937140410938,0 days 00:29:10.163867468
96542,2019-07-09 11:36:18.548198,1532.1141968980578,0 days 00:34:17.732372315
96543,2019-07-09 11:36:19.548198,1526.0958277128266,0 days 00:30:43.900138780
96544,2019-07-09 11:36:20.548198,1531.5635258773166,0 days 00:34:57.522106464
96545,2019-07-09 11:36:21.548198,1564.7086183148792,0 days 00:34:38.602297329
96546,2019-07-09 11:36:22.548198,1542.8225315617867,0 days 00:29:32.117903333
96547,2019-07-09 11:36:23.548198,1552.5075903512168,0 days 00:34:11.153810267
96548,2019-07-09 11:36:24.548198,1529.8282170522282,0 days 00:31:25.020385348
96549,2019-07-09 11:36:25.548198,1541.4766560804073,0 days 00:27:14.659291193
96550,2019-07-09 11:36:26.548198,1571.0145139813453,0 days 00:31:58.569321792
96551,2019-07-09 11:36:27.548198,1541.1860464976266,0 days 00:34:46.580764221
96552,2019-07-09 11:36:28.548198,1555.4268771144373,0 days 00:31:16.024755929
96553,2019-07-09 11:36:29.548198,1542.3717007035468,0 days 00:29:56.992445801
96554,2019-07-09 11:36:30.548198,1564.7209790601687,0 days 00:27:33.385550720
96555,2019-07-09 11:36:31.548198,1560.2182703352148,0 days 00:27:58.690249973
96556,2019-07-09 11:36:32.548198,1526.6524376522086,0 days 00:28:22.868237860
96557,2019-07-09 11:36:33.548198,1527.3425866599498,0 days 00:25:18.825699302
96558,2019-07-09 11:36:34.548198,1558.2090520032725,0 days 00:30:48.434150835
96559,2019-07-09 11:36:35.548198,1530.732543441126,0 days 00:28:10.885569013
96560,2019-07-09 11:36:36.548198,1535.348274237634,0 days 00:26:28.757408670
96561,2019-07-09 11:36:37.548198,1554.2683848416027,0 days 00:34:39.666476462
96562,2019-07-09 11:36:38.548198,1574.14606375588,0 days 00:27:37.602269128
96563,2019-07-09 11:36:39.548198,1534.8357674449087,0 days 00:30:42.345807572
96564,2019-07-09 11:36:40.548198,1544.5239756612061,0 days 00:31:30.443928842
96565,2019-07-09 11:36:41.548198,1541.5591465628004,0 days 00:29:06.561889947
96566,2019-07-09 11:36:42.548198,1529.225865391635,0 days 00:27:53.340442638
96567,2019-07-09 11:36:43.548198,1552.3337085254545,0 days 00:30:55.453097056
96568,2019-07-09 11:36:44.548198,1527.7519712057797,0 days 00:25:14.744155030
96569,2019-07-09 11:36:45.548198,1542.4325893324553,0 days 00:31:59.477029293
96570,2019-07-09 11:36:46.548198,1528.9926536871242,0 days 00:25:43.901085140
96571,2019-07-09 11:36:47.548198,1537.2720558808492,0 days 00:31:07.626010874
96572,2019-07-09 11:36:48.548198,1537.3873082382388,0 days 00:31:15.836550947
96573,2019-07-09 11:36:49.548198,1549.0556883884624,0 days 00:27:13.289050216
96574,2019-07-09 11:36:50.548198,1569.6367945162244,0 days 00:33:47.967524339
96575,2019-07-09 11:36:51.548198,1525.7133797976692,0 days 00:28:00.621146302
96576,2019-07-09 11:36:52.548198,1557.5074964125126,0 days 00:25:12.423003858
96577,2019-07-09 11:36:53.548198,1541.580757529099,0 days 00:32:05.907322240
96578,2019-07-09 11:36:54.548198,1535.9265572271036,0 days 00:30:28.668542099
96579,2019-07-09 11:36:55.548198,1552.4405687556039,0 days 00:29:47.085619759
96580,2019-07-09 11:36:56.548198,1570.5048619720849,0 days 00:30:49.790731547
96581,2019-07-09 11:36:57.548198,1537.5745409103006,0 days 00:32:32.603252493
96582,2019-07-09 11:36:58.548198,1545.3122541011674,0 days 00:25:13.960938166
96583,2019-07-09 11:36:59.548198,1568.3777552104862,0 days 00:34:17.015272357
96584,2019-07-09 11:37:00.548198,1538.6998896516075,0 days 00:32:25.949709679
96585,2019-07-09 11:37:01.548198,1554.5899220670062,0 days 00:25:21.788555074
96586,2019-07-09 11:37:02.548198,1568.7240840910517,0 days 00:33:32.183558438
96587,2019-07-09 11:37:03.548198,1554.3378149845623,0 days 00:32:55.354233884
96588,2019-07-09 11:37:04.548198,1568.6008750548194,0 days 00:34:21.925208864
96589,2019-07-09 11:37:05.548198,1559.8468558905815,0 days 00:32:43.302315241
96590,2019-07-09 11:37:06.548198,1556.1646949066705,0 days 00:31:04.065121774
96591,2019-07-09 11:37:07.548198,1528.219522548564,0 days 00:28:38.734178973
96592,2019-07-09 11:37:08.548198,1570.976680084478,0 days 00:28:41.673048537
96593,2019-07-09 11:37:09.548198,1525.9782268700558,0 days 00:28:21.150133761
96594,2019-07-09 11:37:10.548198,1558.9787817709507,0 days 00:34:15.567953176
96595,2019-07-09 11:37:11.548198,1530.48020798805,0 days 00:27:41.442945181
96596,2019-07-09 11:37:12.548198,1544.4677119363791,0 days 00:32:41.157648419
96597,2019-07-09 11:37:13.548198,1547.1088848934417,0 days 00:26:08.547280513
96598,2019-07-09 11:37:14.548198,1533.4376674721252,0 days 00:33:51.345263877
96599,2019-07-09 11:37:15.548198,1573.0723946936307,0 days 00:28:25.091172597
96600,2019-07-09 11:37:16.548198,1536.246415442693,0 days 00:34:04.373574539
96601,2019-07-09 11:37:17.548198,1574.8083547859187,0 days 00:33:57.186837730
96602,2019-07-09 11:37:18.548198,1542.1419667045902,0 days 00:30:45.379309596
96603,2019-07-09 11:37:19.548198,1559.1110697904755,0 days 00:28:59.891810870
96604,2019-07-09 11:37:20.548198,1557.8264425010261,0 days 00:29:10.585581966
96605,2019-07-09 11:37:21.548198,1555.5365922665294,0 days 00:29:11.608038618
96606,2019-07-09 11:37:22.548198,1572.456007648757,0 days 00:30:31.059321700
96607,2019-07-09 11:37:23.548198,1534.6809186454093,0 days 00:33:55.634916292
96608,2019-07-09 11:37:24.548198,1565.2677145736748,0 days 00:26:23.375525021
96609,2019-07-09 11:37:25.548198,1560.1845530820829,0 days 00:27:15.594681585
96610,2019-07-09 11:37:26.548198,1533.2422387995418,0 days 00:32:24.943998843
96611,2019-07-09 11:37:27.548198,1557.8827201939168,0 days 00:28:26.834232025
96612,2019-07-09 11:37:28.548198,1530.1248469573816,0 days 00:25:08.622810177
96613,2019-07-09 11:37:29.548198,1539.7610343638369,0 days 00:31:25.692972064
96614,2019-07-09 11:37:30.548198,1565.866602624846,0 days 00:27:06.533609777
96615,2019-07-09 11:37:31.548198,1572.2586293554343,0 days 00:27:00.933758420
96616,2019-07-09 11:37:32.548198,1533.1562073542418,0 days 00:34:12.545413546
96617,2019-07-09 11:37:33.548198,1550.466301465291,0 days 00:27:24.469121278
96618,2019-07-09 11:37:34.548198,1533.8879209741194,0 days 00:29:48.696504288
96619,2019-07-09 11:37:35.548198,1532.937081519039,0 days 00:31:56.944606556
96620,2019-07-09 11:37:36.548198,1531.866344068009,0 days 00:27:48.529472802
96621,2019-07-09 11:37:37.548198,1559.1761140499866,0 days 00:29:03.705321888
96622,2019-07-09 11:37:38.548198,1533.1107279753294,0 days 00:27:00.890539885
96623,2019-07-09 11:37:39.548198,1552.1065002620064,0 days 00:28:18.353390994
96624,2019-07-09 11:37:40.548198,1557.5198337436361,0 days 00:34:10.244382638
96625,2019-07-09 11:37:41.548198,1525.2818914490547,0 days 00:30:32.087526661
96626,2019-07-09 11:37:42.548198,1550.1168191300887,0 days 00:34:25.902494199
96627,2019-07-09 11:37:43.548198,1573.171059274497,0 days 00:27:00.169552771
96628,2019-07-09 11:37:44.548198,1558.0742716093525,0 days 00:26:59.436939703
96629,2019-07-09 11:37:45.548198,1529.5933951881354,0 days 00:33:33.025994885
96630,2019-07-09 11:37:46.548198,1556.1289446558617,0 days 00:25:20.942678521
96631,2019-07-09 11:37:47.548198,1528.1389259414384,0 days 00:33:56.072453882
96632,2019-07-09 11:37:48.548198,1528.2273208312295,0 days 00:32:49.544317074
96633,2019-07-09 11:37:49.548198,1534.912642457019,0 days 00:30:30.172028144
96634,2019-07-09 11:37:50.548198,1537.2811610421188,0 days 00:25:49.640633225
96635,2019-07-09 11:37:51.548198,1572.2281738782067,0 days 00:30:45.501783278
96636,2019-07-09 11:37:52.548198,1556.2862772158487,0 days 00:29:19.341731147
96637,2019-07-09 11:37:53.548198,1568.5979196972187,0 days 00:25:08.278285186
96638,2019-07-09 11:37:54.548198,1528.697159358666,0 days 00:26:05.035887758
96639,2019-07-09 11:37:55.548198,1562.94793300469,0 days 00:31:18.485220783
96640,2019-07-09 11:37:56.548198,1566.8243934778184,0 days 00:30:59.753965695
96641,2019-07-09 11:37:57.548198,1526.0059033631533,0 days 00:32:15.333403661
96642,2019-07-09 11:37:58.548198,1554.391346097241,0 days 00:26:41.318713048
96643,2019-07-09 11:37:59.548198,1570.014481373239,0 days 00:34:22.583425598
96644,2019-07-09 11:38:00.548198,1574.0745889800946,0 days 00:30:29.874476103
96645,2019-07-09 11:38:01.548198,1567.9129161130895,0 days 00:31:11.600393089
96646,2019-07-09 11:38:02.548198,1531.1691900296391,0 days 00:34:38.081871742
96647,2019-07-09 11:38:03.548198,1536.1423504206675,0 days 00:25:55.556080993
96648,2019-07-09 11:38:04.548198,1554.2064811772393,0 days 00:33:12.681591304
96649,2019-07-09 11:38:05.548198,1573.3372593215179,0 days 00:25:08.290642179
96650,2019-07-09 11:38:06.548198,1531.4171715622203,0 days 00:34:47.426966829
96651,2019-07-09 11:38:07.548198,1558.701166062033,0 days 00:28:41.233476158
96652,2019-07-09 11:38:08.548198,1568.2435006115668,0 days 00:29:58.904059533
96653,2019-07-09 11:38:09.548198,1569.5773891725946,0 days 00:33:23.592004596
96654,2019-07-09 11:38:10.548198,1557.9182110618942,0 days 00:29:17.344945526
96655,2019-07-09 11:38:11.548198,1549.521948669248,0 days 00:31:50.863573437
96656,2019-07-09 11:38:12.548198,1547.2054792653437,0 days 00:29:11.033261809
96657,2019-07-09 11:38:13.548198,1525.9434795056331,0 days 00:30:24.226488558
96658,2019-07-09 11:38:14.548198,1540.165813352613,0 days 00:32:46.936651091
96659,2019-07-09 11:38:15.548198,1538.0996576347509,0 days 00:25:21.343579792
96660,2019-07-09 11:38:16.548198,1564.8068936319523,0 days 00:26:21.996237841
96661,2019-07-09 11:38:17.548198,1572.5906478006498,0 days 00:33:24.700667833
96662,2019-07-09 11:38:18.548198,1547.0830731108185,0 days 00:28:10.831982276
96663,2019-07-09 11:38:19.548198,1561.14259477825,0 days 00:25:05.135142625
96664,2019-07-09 11:38:20.548198,1532.9198139463194,0 days 00:34:57.208718004
96665,2019-07-09 11:38:21.548198,1556.2574367041618,0 days 00:31:28.586749784
96666,2019-07-09 11:38:22.548198,1531.6935951778753,0 days 00:33:32.708409370
96667,2019-07-09 11:38:23.548198,1561.4873678135948,0 days 00:28:14.855144190
96668,2019-07-09 11:38:24.548198,1552.5947728223446,0 days 00:25:45.052978406
96669,2019-07-09 11:38:25.548198,1574.1915455887001,0 days 00:27:58.695343949
96670,2019-07-09 11:38:26.548198,1530.0884757610554,0 days 00:31:47.258546551
96671,2019-07-09 11:38:27.548198,1555.5862909414222,0 days 00:27:40.884091472
96672,2019-07-09 11:38:28.548198,1530.650793118719,0 days 00:34:11.326641309
96673,2019-07-09 11:38:29.548198,1538.2640134376263,0 days 00:26:19.158544903
96674,2019-07-09 11:38:30.548198,1549.7534161854269,0 days 00:34:57.287941965
96675,2019-07-09 11:38:31.548198,1541.0723592413501,0 days 00:26:45.075452880
96676,2019-07-09 11:38:32.548198,1559.8279350891328,0 days 00:34:41.642381577
96677,2019-07-09 11:38:33.548198,1539.3163883461764,0 days 00:30:32.988440917
96678,2019-07-09 11:38:34.548198,1532.4994884120335,0 days 00:27:33.412650796
96679,2019-07-09 11:38:35.548198,1544.612844085043,0 days 00:29:48.376515004
96680,2019-07-09 11:38:36.548198,1547.1328951373994,0 days 00:30:45.319212493
96681,2019-07-09 11:38:37.548198,1570.2759058783026,0 days 00:29:27.113654661
96682,2019-07-09 11:38:38.548198,1570.868273299431,0 days 00:29:27.865397923
96683,2019-07-09 11:38:39.548198,1553.8089396843543,0 days 00:26:12.160851983
96684,2019-07-09 11:38:40.548198,1535.4476138185253,0 days 00:33:39.364487154
96685,2019-07-09 11:38:41.548198,1534.6855849768326,0 days 00:25:45.358020166
96686,2019-07-09 11:38:42.548198,1567.793600763088,0 days 00:30:13.089550745
96687,2019-07-09 11:38:43.548198,1532.0416636555487,0 days 00:28:13.080147999
96688,2019-07-09 11:38:44.548198,1571.8072975514401,0 days 00:33:57.325342695
96689,2019-07-09 11:38:45.548198,1556.0228222163066,0 days 00:31:16.982443312
96690,2019-07-09 11:38:46.548198,1556.57995579311,0 days 00:33:23.516476083
96691,2019-07-09 11:38:47.548198,1547.8865331516863,0 days 00:34:53.774978928
96692,2019-07-09 11:38:48.548198,1563.8421209049716,0 days 00:26:31.397066874
96693,2019-07-09 11:38:49.548198,1536.0673371234668,0 days 00:29:14.841299654
96694,2019-07-09 11:38:50.548198,1570.5121789750826,0 days 00:31:32.752356879
96695,2019-07-09 11:38:51.548198,1547.1827432801772,0 days 00:32:33.937539853
96696,2019-07-09 11:38:52.548198,1526.8305191751374,0 days 00:26:20.905443297
96697,2019-07-09 11:38:53.548198,1557.6369721741344,0 days 00:25:22.962941548
96698,2019-07-09 11:38:54.548198,1552.8075745523129,0 days 00:31:36.632065655
96699,2019-07-09 11:38:55.548198,1553.9114853151857,0 days 00:27:49.798717657
96700,2019-07-09 11:38:56.548198,1570.495972903311,0 days 00:25:10.511396710
96701,2019-07-09 11:38:57.548198,1548.633969250817,0 days 00:27:24.631980000
96702,2019-07-09 11:38:58.548198,1572.1632654360421,0 days 00:29:31.211092090
96703,2019-07-09 11:38:59.548198,1542.7755088813024,0 days 00:29:19.668749872
96704,2019-07-09 11:39:00.548198,1550.1307488280972,0 days 00:32:06.852124547
96705,2019-07-09 11:39:01.548198,1562.477786070711,0 days 00:29:31.606639076
96706,2019-07-09 11:39:02.548198,1551.714275160908,0 days 00:31:06.304067086
96707,2019-07-09 11:39:03.548198,1551.833194772581,0 days 00:34:09.567170565
96708,2019-07-09 11:39:04.548198,1549.4897476146707,0 days 00:25:34.628626453
96709,2019-07-09 11:39:05.548198,1545.341795165259,0 days 00:29:13.813023171
96710,2019-07-09 11:39:06.548198,1546.2110635451581,0 days 00:33:28.989164722
96711,2019-07-09 11:39:07.548198,1565.035064730344,0 days 00:29:32.845622968
96712,2019-07-09 11:39:08.548198,1562.4631481537933,0 days 00:34:11.921938167
96713,2019-07-09 11:39:09.548198,1543.2283957812324,0 days 00:30:23.481733922
96714,2019-07-09 11:39:10.548198,1572.6367692496808,0 days 00:34:31.734496634
96715,2019-07-09 11:39:11.548198,1545.6079101862454,0 days 00:34:57.072047745
96716,2019-07-09 11:39:12.548198,1534.3342312229934,0 days 00:30:26.985002257
96717,2019-07-09 11:39:13.548198,1535.67072167249,0 days 00:33:47.565746458
96718,2019-07-09 11:39:14.548198,1536.9386713457732,0 days 00:29:48.973534285
96719,2019-07-09 11:39:15.548198,1550.0464033439093,0 days 00:26:48.668611044
96720,2019-07-09 11:39:16.548198,1560.451393448407,0 days 00:28:20.850097563
96721,2019-07-09 11:39:17.548198,1565.6297746140026,0 days 00:25:40.607279002
96722,2019-07-09 11:39:18.548198,1558.6173077769051,0 days 00:29:06.894510233
96723,2019-07-09 11:39:19.548198,1570.2154262944293,0 days 00:30:26.294350527
96724,2019-07-09 11:39:20.548198,1557.5243720958372,0 days 00:28:03.481466312
96725,2019-07-09 11:39:21.548198,1574.951598787458,0 days 00:34:50.089639405
96726,2019-07-09 11:39:22.548198,1554.5641063331657,0 days 00:27:45.069700057
96727,2019-07-09 11:39:23.548198,1560.7647216500998,0 days 00:28:16.395285631
96728,2019-07-09 11:39:24.548198,1537.0607852026733,0 days 00:26:23.573399942
96729,2019-07-09 11:39:25.548198,1569.1731283901374,0 days 00:27:18.411427322
96730,2019-07-09 11:39:26.548198,1544.7572148249055,0 days 00:28:40.661803010
96731,2019-07-09 11:39:27.548198,1569.597360055969,0 days 00:28:18.464003631
96732,2019-07-09 11:39:28.548198,1569.751165551836,0 days 00:28:08.144142321
96733,2019-07-09 11:39:29.548198,1570.49797438865,0 days 00:29:45.162106576
